 id , sentence 
0,Lorem Ipsum is simply dummy text of the printing and typesetting industry
1,"Lorem Ipsum has been
the industry's standard dummy text ever since the 1500s, when an unknown printer took a galley of
type and scrambled it to make a type specimen book"
2,"It has survived not only five centuries, but also
the leap into electronic typesetting, remaining essentially unchanged"
3,"It was popularised in the
1960s with the release of Letraset sheets containing Lorem Ipsum passages, and more recently with
desktop publishing software like Aldus PageMaker including versions of Lorem Ipsum"
4,Lorem Ipsum is simply dummy text of the printing and typesetting industry
5,"Lorem Ipsum has been
the industry's standard dummy text ever since the 1500s, when an unknown printer took a galley of
type and scrambled it to make a type specimen book"
6,"It has survived not only five centuries, but also
the leap into electronic typesetting, remaining essentially unchanged"
7,"It was popularised in the
1960s with the release of Letraset sheets containing Lorem Ipsum passages, and more recently with
desktop publishing software like Aldus PageMaker including versions of Lorem Ipsum"
8,Lorem Ipsum is simply dummy text of the printing and typesetting industry
9,"Lorem Ipsum has been
the industry's standard dummy text ever since the 1500s, when an unknown printer took a galley of
type and scrambled it to make a type specimen book"
10,"It has survived not only five centuries, but also
the leap into electronic typesetting, remaining essentially unchanged"
11,"It was popularised in the
1960s with the release of Letraset sheets containing Lorem Ipsum passages, and more recently with
desktop publishing software like Aldus PageMaker including versions of Lorem Ipsum"
12,Lorem Ipsum is simply dummy text of the printing and typesetting industry
13,"Lorem Ipsum has been
the industry's standard dummy text ever since the 1500s, when an unknown printer took a galley of
type and scrambled it to make a type specimen book"
14,"It has survived not only five centuries, but also
the leap into electronic typesetting, remaining essentially unchanged"
15,"It was popularised in the
1960s with the release of Letraset sheets containing Lorem Ipsum passages, and more recently with
desktop publishing software like Aldus PageMaker including versions of Lorem Ipsum"
16,Lorem Ipsum is simply dummy text of the printing and typesetting industry
17,"Lorem Ipsum has been
the industry's standard dummy text ever since the 1500s, when an unknown printer took a galley of
type and scrambled it to make a type specimen book"
18,"It has survived not only five centuries, but also
the leap into electronic typesetting, remaining essentially unchanged"
19,"It was popularised in the
1960s with the release of Letraset sheets containing Lorem Ipsum passages, and more recently with
desktop publishing software like Aldus PageMaker including versions of Lorem Ipsum"
20,Lorem Ipsum is simply dummy text of the printing and typesetting industry
21,"Lorem Ipsum has been
the industry's standard dummy text ever since the 1500s, when an unknown printer took a galley of
type and scrambled it to make a type specimen book"
22,"It has survived not only five centuries, but also
the leap into electronic typesetting, remaining essentially unchanged"
23,"It was popularised in the
1960s with the release of Letraset sheets containing Lorem Ipsum passages, and more recently with
desktop publishing software like Aldus PageMaker including versions of Lorem Ipsum"
